-- Generated seed data from JSON files
-- Generated: 2026-01-08T23:12:39.936Z

-- Clear existing data
DELETE FROM gallery_items;
DELETE FROM galleries;
DELETE FROM artworks;

-- Insert artworks
INSERT INTO artworks (id, filename, image_url, title_cs, title_en, medium_cs, medium_en, dimensions, year, category, status) VALUES ('p-8133ffac', '1767818327863.png', '/api/images/originals/1767818327863.png', 'dfafda', 'fafda', 'olej na plátně', 'oil on canvas', '', 2033, 'painting', 'available');
INSERT INTO artworks (id, filename, image_url, title_cs, title_en, medium_cs, medium_en, dimensions, year, category, status) VALUES ('p-50ae5543', '1767797056530.png', '/api/images/originals/1767797056530.png', 'test', 'test', 'olej na plátněaaa', 'oil on canvas', '', 2028, 'painting', 'available');
INSERT INTO artworks (id, filename, image_url, title_cs, title_en, medium_cs, medium_en, dimensions, year, category, status) VALUES ('p-001', '001-lava.jpg', '/api/images/originals/001-lava.jpg', 'Láva', 'Lava', 'olej na plátně', 'oil on canvas', '60×97 cm', 2025, 'painting', 'available');
INSERT INTO artworks (id, filename, image_url, title_cs, title_en, medium_cs, medium_en, dimensions, year, category, status) VALUES ('p-002', '002---cekajici.jpg', '/api/images/originals/002---cekajici.jpg', 'Čekající', 'Waiting', 'olej na plátně', 'oil on canvas', '60×97 cm', 2025, 'painting', 'available');
INSERT INTO artworks (id, filename, image_url, title_cs, title_en, medium_cs, medium_en, dimensions, year, category, status) VALUES ('p-006', '006---na-lovu.jpg', '/api/images/originals/006---na-lovu.jpg', 'Na lovu', 'On the Hunt', 'olej na plátně', 'oil on canvas', '79×46 cm', 2025, 'painting', 'available');
INSERT INTO artworks (id, filename, image_url, title_cs, title_en, medium_cs, medium_en, dimensions, year, category, status) VALUES ('p-007', '007---kocici-vychova.jpg', '/api/images/originals/007---kocici-vychova.jpg', 'Kočičí výchova', 'Cat Upbringing', 'olej na plátně', 'oil on canvas', '40×60 cm', 2025, 'painting', 'available');
INSERT INTO artworks (id, filename, image_url, title_cs, title_en, medium_cs, medium_en, dimensions, year, category, status) VALUES ('p-008', '008---cititelka.jpg', '/api/images/originals/008---cititelka.jpg', 'Cítitelka', 'The Sensitive One', 'olej na plátně', 'oil on canvas', '30×40 cm', 2025, 'painting', 'available');
INSERT INTO artworks (id, filename, image_url, title_cs, title_en, medium_cs, medium_en, dimensions, year, category, status) VALUES ('p-027', '027---na-ceste.jpg', '/api/images/originals/027---na-ceste.jpg', 'Na cestě', 'On the Road', 'olej na plátně', 'oil on canvas', '86×30 cm', 2025, 'painting', 'available');
INSERT INTO artworks (id, filename, image_url, title_cs, title_en, medium_cs, medium_en, dimensions, year, category, status) VALUES ('p-030', '030---koza.jpg', '/api/images/originals/030---koza.jpg', 'Koza', 'Goat', 'olej na plátně', 'oil on canvas', '25×30 cm', 2025, 'painting', 'sold');
INSERT INTO artworks (id, filename, image_url, title_cs, title_en, medium_cs, medium_en, dimensions, year, category, status) VALUES ('p-038', '038---vynoreni.jpg', '/api/images/originals/038---vynoreni.jpg', 'Vynoření', 'Emergence', 'olej na plátně', 'oil on canvas', '25×30 cm', 2025, 'painting', 'available');
INSERT INTO artworks (id, filename, image_url, title_cs, title_en, medium_cs, medium_en, dimensions, year, category, status) VALUES ('p-059', '059---tygr.jpg', '/api/images/originals/059---tygr.jpg', 'Tygr', 'Tiger', 'olej na plátně', 'oil on canvas', '40×40 cm', 2025, 'painting', 'available');
INSERT INTO artworks (id, filename, image_url, title_cs, title_en, medium_cs, medium_en, dimensions, year, category, status) VALUES ('p-076', '076---sirky.jpg', '/api/images/originals/076---sirky.jpg', 'Sirky', 'Matches', 'olej na plátně', 'oil on canvas', '25×30 cm', 2025, 'painting', 'available');
INSERT INTO artworks (id, filename, image_url, title_cs, title_en, medium_cs, medium_en, dimensions, year, category, status) VALUES ('p-079', '079---hodina-indiana.jpg', '/api/images/originals/079---hodina-indiana.jpg', 'Hodina indiána', 'Hour of the Indian', 'olej na plátně', 'oil on canvas', '60×25 cm', 2025, 'painting', 'available');
INSERT INTO artworks (id, filename, image_url, title_cs, title_en, medium_cs, medium_en, dimensions, year, category, status) VALUES ('p-080', '080---lecitel.jpg', '/api/images/originals/080---lecitel.jpg', 'Léčitel', 'Healer', 'olej na plátně', 'oil on canvas', '30×25 cm', 2025, 'painting', 'available');
INSERT INTO artworks (id, filename, image_url, title_cs, title_en, medium_cs, medium_en, dimensions, year, category, status) VALUES ('p-082', '082---trun-nikoho.jpg', '/api/images/originals/082---trun-nikoho.jpg', 'Trůn Nikoho', 'Nobody''s Throne', 'olej na desce', 'oil on board', '50×70 cm', 2025, 'painting', 'donated');
INSERT INTO artworks (id, filename, image_url, title_cs, title_en, medium_cs, medium_en, dimensions, year, category, status) VALUES ('p-083', '083---kavovnik.jpg', '/api/images/originals/083---kavovnik.jpg', 'Kávovník', 'Coffee Tree', 'olej na plátně', 'oil on canvas', '120×80 cm', 2025, 'painting', 'available');
INSERT INTO artworks (id, filename, image_url, title_cs, title_en, medium_cs, medium_en, dimensions, year, category, status) VALUES ('p-003', '003---zena-a-lano-i.jpg', '/api/images/originals/003---zena-a-lano-i.jpg', 'Žena a lano I', 'Woman and Rope I', 'olej na plátně', 'oil on canvas', '108×140 cm', 2024, 'painting', 'sold');
INSERT INTO artworks (id, filename, image_url, title_cs, title_en, medium_cs, medium_en, dimensions, year, category, status) VALUES ('p-004', '004---zena-a-lano-ii.jpg', '/api/images/originals/004---zena-a-lano-ii.jpg', 'Žena a lano II', 'Woman and Rope II', 'olej na plátně', 'oil on canvas', '108×140 cm', 2024, 'painting', 'sold');
INSERT INTO artworks (id, filename, image_url, title_cs, title_en, medium_cs, medium_en, dimensions, year, category, status) VALUES ('p-005', '005---zena-a-lano-iii.jpg', '/api/images/originals/005---zena-a-lano-iii.jpg', 'Žena a lano III', 'Woman and Rope III', 'olej na plátně', 'oil on canvas', '108×140 cm', 2024, 'painting', 'available');
INSERT INTO artworks (id, filename, image_url, title_cs, title_en, medium_cs, medium_en, dimensions, year, category, status) VALUES ('p-009', '009---mekka-krajina.jpg', '/api/images/originals/009---mekka-krajina.jpg', 'Měkká krajina', 'Soft Landscape', 'olej na plátně', 'oil on canvas', '56×71 cm', 2024, 'painting', 'available');
INSERT INTO artworks (id, filename, image_url, title_cs, title_en, medium_cs, medium_en, dimensions, year, category, status) VALUES ('p-010', '010---lilith.jpg', '/api/images/originals/010---lilith.jpg', 'Lilith', 'Lilith', 'olej na plátně', 'oil on canvas', '70×48 cm', 2024, 'painting', 'available');
INSERT INTO artworks (id, filename, image_url, title_cs, title_en, medium_cs, medium_en, dimensions, year, category, status) VALUES ('p-011', '011---oslava-hranic.jpg', '/api/images/originals/011---oslava-hranic.jpg', 'Oslava hranic', 'Celebration of Boundaries', 'olej na plátně', 'oil on canvas', '120×89 cm', 2024, 'painting', 'available');
INSERT INTO artworks (id, filename, image_url, title_cs, title_en, medium_cs, medium_en, dimensions, year, category, status) VALUES ('p-012', '012---louhovani.jpg', '/api/images/originals/012---louhovani.jpg', 'Louhování', 'Leaching', 'olej na plátně', 'oil on canvas', '96×60 cm', 2024, 'painting', 'available');
INSERT INTO artworks (id, filename, image_url, title_cs, title_en, medium_cs, medium_en, dimensions, year, category, status) VALUES ('p-013', '013---uctivaci.jpg', '/api/images/originals/013---uctivaci.jpg', 'Uctívači', 'Worshippers', 'olej na plátně', 'oil on canvas', '100×52 cm', 2024, 'painting', 'available');
INSERT INTO artworks (id, filename, image_url, title_cs, title_en, medium_cs, medium_en, dimensions, year, category, status) VALUES ('p-014', '014---zeleni-svetlonosi.jpg', '/api/images/originals/014---zeleni-svetlonosi.jpg', 'Zelení světlonoši', 'Green Light Bearers', 'olej na plátně', 'oil on canvas', '100×52 cm', 2024, 'painting', 'available');
INSERT INTO artworks (id, filename, image_url, title_cs, title_en, medium_cs, medium_en, dimensions, year, category, status) VALUES ('p-015', '015---setkani.jpg', '/api/images/originals/015---setkani.jpg', 'Setkání', 'Meeting', 'olej na plátně', 'oil on canvas', '100×52 cm', 2024, 'painting', 'available');
INSERT INTO artworks (id, filename, image_url, title_cs, title_en, medium_cs, medium_en, dimensions, year, category, status) VALUES ('p-016', '016---jezdci.jpg', '/api/images/originals/016---jezdci.jpg', 'Jezdci', 'Riders', 'olej na plátně', 'oil on canvas', '100×52 cm', 2024, 'painting', 'available');
INSERT INTO artworks (id, filename, image_url, title_cs, title_en, medium_cs, medium_en, dimensions, year, category, status) VALUES ('p-018', '018---she-tree.jpg', '/api/images/originals/018---she-tree.jpg', 'She-tree', 'She-tree', 'olej na plátně', 'oil on canvas', '25×30 cm', 2024, 'painting', 'available');
INSERT INTO artworks (id, filename, image_url, title_cs, title_en, medium_cs, medium_en, dimensions, year, category, status) VALUES ('p-019', '019---maly-had.jpg', '/api/images/originals/019---maly-had.jpg', 'Malý had', 'Little Snake', 'olej na plátně', 'oil on canvas', '72×60 cm', 2024, 'painting', 'available');
INSERT INTO artworks (id, filename, image_url, title_cs, title_en, medium_cs, medium_en, dimensions, year, category, status) VALUES ('p-020', '020---buddha.jpg', '/api/images/originals/020---buddha.jpg', 'Buddha', 'Buddha', 'olej na plátně', 'oil on canvas', '30×25 cm', 2024, 'painting', 'available');
INSERT INTO artworks (id, filename, image_url, title_cs, title_en, medium_cs, medium_en, dimensions, year, category, status) VALUES ('p-021', '021---sviravost.jpg', '/api/images/originals/021---sviravost.jpg', 'Svíravost', 'Constriction', 'olej na plátně', 'oil on canvas', '60×96 cm', 2024, 'painting', 'available');
INSERT INTO artworks (id, filename, image_url, title_cs, title_en, medium_cs, medium_en, dimensions, year, category, status) VALUES ('p-022', '022---sezeni-na-buddhove-vejci.jpg', '/api/images/originals/022---sezeni-na-buddhove-vejci.jpg', 'Sezení na Buddhově vejci', 'Sitting on Buddha''s Egg', 'olej na plátně', 'oil on canvas', '30×49 cm', 2024, 'painting', 'available');
INSERT INTO artworks (id, filename, image_url, title_cs, title_en, medium_cs, medium_en, dimensions, year, category, status) VALUES ('p-023', '023---muz-v-krajine.jpg', '/api/images/originals/023---muz-v-krajine.jpg', 'Muž v krajině', 'Man in Landscape', 'olej na plátně', 'oil on canvas', '40×40 cm', 2024, 'painting', 'available');
INSERT INTO artworks (id, filename, image_url, title_cs, title_en, medium_cs, medium_en, dimensions, year, category, status) VALUES ('p-024', '024---stesti.jpg', '/api/images/originals/024---stesti.jpg', 'Štěstí', 'Happiness', 'olej na plátně', 'oil on canvas', '65×49 cm', 2024, 'painting', 'available');
INSERT INTO artworks (id, filename, image_url, title_cs, title_en, medium_cs, medium_en, dimensions, year, category, status) VALUES ('p-029', '029---odchazeni.jpg', '/api/images/originals/029---odchazeni.jpg', 'Odcházení', 'Departure', 'olej na plátně', 'oil on canvas', '40×40 cm', 2024, 'painting', 'available');
INSERT INTO artworks (id, filename, image_url, title_cs, title_en, medium_cs, medium_en, dimensions, year, category, status) VALUES ('p-031', '031---cervena.jpg', '/api/images/originals/031---cervena.jpg', 'Červená', 'Red', 'olej na plátně', 'oil on canvas', '40×40 cm', 2024, 'painting', 'available');
INSERT INTO artworks (id, filename, image_url, title_cs, title_en, medium_cs, medium_en, dimensions, year, category, status) VALUES ('p-032', '032---poutnik.jpg', '/api/images/originals/032---poutnik.jpg', 'Poutník', 'Pilgrim', 'olej na plátně', 'oil on canvas', '30×25 cm', 2024, 'painting', 'available');
INSERT INTO artworks (id, filename, image_url, title_cs, title_en, medium_cs, medium_en, dimensions, year, category, status) VALUES ('p-033', '033---zatmeni.jpg', '/api/images/originals/033---zatmeni.jpg', 'Zatmění', 'Eclipse', 'olej na plátně', 'oil on canvas', '36×50 cm', 2024, 'painting', 'available');
INSERT INTO artworks (id, filename, image_url, title_cs, title_en, medium_cs, medium_en, dimensions, year, category, status) VALUES ('p-034', '034---muz-a-zena-v-krajine.jpg', '/api/images/originals/034---muz-a-zena-v-krajine.jpg', 'Muž a žena v krajině', 'Man and Woman in Landscape', 'olej na plátně', 'oil on canvas', '30×25 cm', 2024, 'painting', 'available');
INSERT INTO artworks (id, filename, image_url, title_cs, title_en, medium_cs, medium_en, dimensions, year, category, status) VALUES ('p-035', '035---mala.jpg', '/api/images/originals/035---mala.jpg', 'Mála', 'Mala', 'olej na plátně', 'oil on canvas', '40×40 cm', 2024, 'painting', 'available');
INSERT INTO artworks (id, filename, image_url, title_cs, title_en, medium_cs, medium_en, dimensions, year, category, status) VALUES ('p-036', '036---tanec.jpg', '/api/images/originals/036---tanec.jpg', 'Tanec', 'Dance', 'olej na plátně', 'oil on canvas', '40×40 cm', 2024, 'painting', 'available');
INSERT INTO artworks (id, filename, image_url, title_cs, title_en, medium_cs, medium_en, dimensions, year, category, status) VALUES ('p-037', '037---kruh.jpg', '/api/images/originals/037---kruh.jpg', 'Kruh', 'Circle', 'olej na plátně', 'oil on canvas', '25×30 cm', 2024, 'painting', 'available');
INSERT INTO artworks (id, filename, image_url, title_cs, title_en, medium_cs, medium_en, dimensions, year, category, status) VALUES ('p-039', '039---trojice.jpg', '/api/images/originals/039---trojice.jpg', 'Trojice', 'Trinity', 'olej na plátně', 'oil on canvas', '40×40 cm', 2024, 'painting', 'available');
INSERT INTO artworks (id, filename, image_url, title_cs, title_en, medium_cs, medium_en, dimensions, year, category, status) VALUES ('p-040', '040---nazi-vojaci.jpg', '/api/images/originals/040---nazi-vojaci.jpg', 'Nazí vojáci', 'Naked Soldiers', 'olej na plátně', 'oil on canvas', '30×25 cm', 2024, 'painting', 'available');
INSERT INTO artworks (id, filename, image_url, title_cs, title_en, medium_cs, medium_en, dimensions, year, category, status) VALUES ('p-041', '041---pojd.jpg', '/api/images/originals/041---pojd.jpg', 'Pojď', 'Come', 'olej na plátně', 'oil on canvas', '40×40 cm', 2024, 'painting', 'available');
INSERT INTO artworks (id, filename, image_url, title_cs, title_en, medium_cs, medium_en, dimensions, year, category, status) VALUES ('p-042', '042---perla,-kterou-ti-davam.jpg', '/api/images/originals/042---perla,-kterou-ti-davam.jpg', 'Perla, kterou ti dávám', 'The Pearl I Give You', 'olej na plátně', 'oil on canvas', '40×40 cm', 2024, 'painting', 'available');
INSERT INTO artworks (id, filename, image_url, title_cs, title_en, medium_cs, medium_en, dimensions, year, category, status) VALUES ('p-043', '043---zapomen-na-sebe.jpg', '/api/images/originals/043---zapomen-na-sebe.jpg', 'Zapomeň na sebe', 'Forget Yourself', 'olej na plátně', 'oil on canvas', '25×30 cm', 2024, 'painting', 'available');
INSERT INTO artworks (id, filename, image_url, title_cs, title_en, medium_cs, medium_en, dimensions, year, category, status) VALUES ('p-044', '044---tlusta-vzpominka.jpg', '/api/images/originals/044---tlusta-vzpominka.jpg', 'Tlustá vzpomínka', 'Thick Memory', 'olej na plátně', 'oil on canvas', '40×40 cm', 2024, 'painting', 'available');
INSERT INTO artworks (id, filename, image_url, title_cs, title_en, medium_cs, medium_en, dimensions, year, category, status) VALUES ('p-045', '045---pole.jpg', '/api/images/originals/045---pole.jpg', 'Pole', 'Field', 'olej na plátně', 'oil on canvas', '40×40 cm', 2024, 'painting', 'available');
INSERT INTO artworks (id, filename, image_url, title_cs, title_en, medium_cs, medium_en, dimensions, year, category, status) VALUES ('p-046', '046---poupe.jpg', '/api/images/originals/046---poupe.jpg', 'Poupě', 'Bud', 'olej na plátně', 'oil on canvas', '40×40 cm', 2024, 'painting', 'available');
INSERT INTO artworks (id, filename, image_url, title_cs, title_en, medium_cs, medium_en, dimensions, year, category, status) VALUES ('p-047', '047---anezka.jpg', '/api/images/originals/047---anezka.jpg', 'Anežka', 'Agnes', 'olej na plátně', 'oil on canvas', '25×30 cm', 2024, 'painting', 'available');
INSERT INTO artworks (id, filename, image_url, title_cs, title_en, medium_cs, medium_en, dimensions, year, category, status) VALUES ('p-048', '048---jablko.jpg', '/api/images/originals/048---jablko.jpg', 'Jablko', 'Apple', 'olej na plátně', 'oil on canvas', '40×40 cm', 2024, 'painting', 'available');
INSERT INTO artworks (id, filename, image_url, title_cs, title_en, medium_cs, medium_en, dimensions, year, category, status) VALUES ('p-051', '051---zapas-v-boruvci.jpg', '/api/images/originals/051---zapas-v-boruvci.jpg', 'Zápas v borůvčí', 'Wrestling in Blueberries', 'olej na plátně', 'oil on canvas', '25×30 cm', 2024, 'painting', 'available');
INSERT INTO artworks (id, filename, image_url, title_cs, title_en, medium_cs, medium_en, dimensions, year, category, status) VALUES ('p-052', '052---pruzkumnik.jpg', '/api/images/originals/052---pruzkumnik.jpg', 'Průzkumník', 'Explorer', 'olej na plátně', 'oil on canvas', '25×30 cm', 2024, 'painting', 'available');
INSERT INTO artworks (id, filename, image_url, title_cs, title_en, medium_cs, medium_en, dimensions, year, category, status) VALUES ('p-053', '053---magnet.jpg', '/api/images/originals/053---magnet.jpg', 'Magnet', 'Magnet', 'olej na plátně', 'oil on canvas', '25×30 cm', 2024, 'painting', 'available');
INSERT INTO artworks (id, filename, image_url, title_cs, title_en, medium_cs, medium_en, dimensions, year, category, status) VALUES ('p-054', '054---strom.jpg', '/api/images/originals/054---strom.jpg', 'Strom', 'Tree', 'olej na plátně', 'oil on canvas', '40×40 cm', 2024, 'painting', 'available');
INSERT INTO artworks (id, filename, image_url, title_cs, title_en, medium_cs, medium_en, dimensions, year, category, status) VALUES ('p-055', '055---nocni-prochazka.jpg', '/api/images/originals/055---nocni-prochazka.jpg', 'Noční procházka', 'Night Walk', 'olej na plátně', 'oil on canvas', '30×25 cm', 2024, 'painting', 'available');
INSERT INTO artworks (id, filename, image_url, title_cs, title_en, medium_cs, medium_en, dimensions, year, category, status) VALUES ('p-056', '056---v-peri-i.jpg', '/api/images/originals/056---v-peri-i.jpg', 'V peří I', 'In Feathers I', 'olej na plátně', 'oil on canvas', '30×25 cm', 2024, 'painting', 'available');
INSERT INTO artworks (id, filename, image_url, title_cs, title_en, medium_cs, medium_en, dimensions, year, category, status) VALUES ('p-057', '057---v-peri-ii.jpg', '/api/images/originals/057---v-peri-ii.jpg', 'V peří II', 'In Feathers II', 'olej na plátně', 'oil on canvas', '30×25 cm', 2024, 'painting', 'available');
INSERT INTO artworks (id, filename, image_url, title_cs, title_en, medium_cs, medium_en, dimensions, year, category, status) VALUES ('p-060', '060---hra.jpg', '/api/images/originals/060---hra.jpg', 'Hra', 'Game', 'olej na plátně', 'oil on canvas', '40×40 cm', 2024, 'painting', 'available');
INSERT INTO artworks (id, filename, image_url, title_cs, title_en, medium_cs, medium_en, dimensions, year, category, status) VALUES ('p-061', '061---rust.jpg', '/api/images/originals/061---rust.jpg', 'Růst', 'Growth', 'olej na plátně', 'oil on canvas', '25×30 cm', 2024, 'painting', 'available');
INSERT INTO artworks (id, filename, image_url, title_cs, title_en, medium_cs, medium_en, dimensions, year, category, status) VALUES ('p-062', '062---odpoledne-na-louce.jpg', '/api/images/originals/062---odpoledne-na-louce.jpg', 'Odpoledne na louce', 'Afternoon in the Meadow', 'olej na plátně', 'oil on canvas', '25×30 cm', 2024, 'painting', 'available');
INSERT INTO artworks (id, filename, image_url, title_cs, title_en, medium_cs, medium_en, dimensions, year, category, status) VALUES ('p-063', '063---jaro-v-nadeji.jpg', '/api/images/originals/063---jaro-v-nadeji.jpg', 'Jaro v naději', 'Spring in Hope', 'olej na plátně', 'oil on canvas', '25×30 cm', 2024, 'painting', 'available');
INSERT INTO artworks (id, filename, image_url, title_cs, title_en, medium_cs, medium_en, dimensions, year, category, status) VALUES ('p-065', '065---mandala.jpg', '/api/images/originals/065---mandala.jpg', 'Mandala', 'Mandala', 'olej na plátně', 'oil on canvas', '40×40 cm', 2024, 'painting', 'available');
INSERT INTO artworks (id, filename, image_url, title_cs, title_en, medium_cs, medium_en, dimensions, year, category, status) VALUES ('p-066', '066---vize-soumrak.jpg', '/api/images/originals/066---vize-soumrak.jpg', 'Vize Soumrak', 'Vision Dusk', 'olej na plátně', 'oil on canvas', '25×30 cm', 2024, 'painting', 'available');
INSERT INTO artworks (id, filename, image_url, title_cs, title_en, medium_cs, medium_en, dimensions, year, category, status) VALUES ('p-067', '067---tanec.jpg', '/api/images/originals/067---tanec.jpg', 'Tanec', 'Dance', 'olej na plátně', 'oil on canvas', '25×30 cm', 2024, 'painting', 'available');
INSERT INTO artworks (id, filename, image_url, title_cs, title_en, medium_cs, medium_en, dimensions, year, category, status) VALUES ('p-074', '074---laguna.jpg', '/api/images/originals/074---laguna.jpg', 'Laguna', 'Lagoon', 'olej na plátně', 'oil on canvas', '25×30 cm', 2024, 'painting', 'available');
INSERT INTO artworks (id, filename, image_url, title_cs, title_en, medium_cs, medium_en, dimensions, year, category, status) VALUES ('p-075', '075---neha.jpg', '/api/images/originals/075---neha.jpg', 'Něha', 'Tenderness', 'olej na plátně', 'oil on canvas', '25×30 cm', 2024, 'painting', 'available');
INSERT INTO artworks (id, filename, image_url, title_cs, title_en, medium_cs, medium_en, dimensions, year, category, status) VALUES ('p-077', '077---venku-tma.jpg', '/api/images/originals/077---venku-tma.jpg', 'Venku tma', 'Darkness Outside', 'olej na plátně', 'oil on canvas', '30×25 cm', 2024, 'painting', 'available');
INSERT INTO artworks (id, filename, image_url, title_cs, title_en, medium_cs, medium_en, dimensions, year, category, status) VALUES ('p-078', '078---salani.jpg', '/api/images/originals/078---salani.jpg', 'Sálání', 'Radiance', 'olej na plátně', 'oil on canvas', '25×30 cm', 2024, 'painting', 'available');
INSERT INTO artworks (id, filename, image_url, title_cs, title_en, medium_cs, medium_en, dimensions, year, category, status) VALUES ('p-081', '081---lidske-veci-i.jpg', '/api/images/originals/081---lidske-veci-i.jpg', 'Lidské věci I', 'Human Things I', 'olej na plátně', 'oil on canvas', '30×25 cm', 2024, 'painting', 'available');
INSERT INTO artworks (id, filename, image_url, title_cs, title_en, medium_cs, medium_en, dimensions, year, category, status) VALUES ('p-017', '017---pozorovatel.jpg', '/api/images/originals/017---pozorovatel.jpg', 'Pozorovatel', 'Observer', 'olej na plátně', 'oil on canvas', '26×35 cm', 2023, 'painting', 'available');
INSERT INTO artworks (id, filename, image_url, title_cs, title_en, medium_cs, medium_en, dimensions, year, category, status) VALUES ('p-025', '025---let.jpg', '/api/images/originals/025---let.jpg', 'Leť', 'Fly', 'olej na plátně', 'oil on canvas', '68×48 cm', 2023, 'painting', 'available');
INSERT INTO artworks (id, filename, image_url, title_cs, title_en, medium_cs, medium_en, dimensions, year, category, status) VALUES ('p-026', '026---jdi.jpg', '/api/images/originals/026---jdi.jpg', 'Jdi', 'Go', 'olej na plátně', 'oil on canvas', '86×56 cm', 2023, 'painting', 'available');
INSERT INTO artworks (id, filename, image_url, title_cs, title_en, medium_cs, medium_en, dimensions, year, category, status) VALUES ('p-028', '028---virtualni-krajina.jpg', '/api/images/originals/028---virtualni-krajina.jpg', 'Virtuální krajina', 'Virtual Landscape', 'olej na plátně', 'oil on canvas', '30×25 cm', 2023, 'painting', 'available');
INSERT INTO artworks (id, filename, image_url, title_cs, title_en, medium_cs, medium_en, dimensions, year, category, status) VALUES ('p-049', '049---chyceny.jpg', '/api/images/originals/049---chyceny.jpg', 'Chycený', 'Caught', 'olej na plátně', 'oil on canvas', '30×40 cm', 2023, 'painting', 'available');
INSERT INTO artworks (id, filename, image_url, title_cs, title_en, medium_cs, medium_en, dimensions, year, category, status) VALUES ('p-050', '050---kamen.jpg', '/api/images/originals/050---kamen.jpg', 'Kámen', 'Stone', 'olej na plátně', 'oil on canvas', '25×30 cm', 2023, 'painting', 'available');
INSERT INTO artworks (id, filename, image_url, title_cs, title_en, medium_cs, medium_en, dimensions, year, category, status) VALUES ('p-064', '064---cerveny-kopec.jpg', '/api/images/originals/064---cerveny-kopec.jpg', 'Červený kopec', 'Red Hill', 'olej na plátně', 'oil on canvas', '20×20 cm', 2023, 'painting', 'available');
INSERT INTO artworks (id, filename, image_url, title_cs, title_en, medium_cs, medium_en, dimensions, year, category, status) VALUES ('p-068', '068---pokracovani.jpg', '/api/images/originals/068---pokracovani.jpg', 'Pokračování', 'Continuation', 'olej na plátně', 'oil on canvas', '20×20 cm', 2023, 'painting', 'available');
INSERT INTO artworks (id, filename, image_url, title_cs, title_en, medium_cs, medium_en, dimensions, year, category, status) VALUES ('p-071', '071---milenci.jpg', '/api/images/originals/071---milenci.jpg', 'Milenci', 'Lovers', 'olej na plátně', 'oil on canvas', '25×30 cm', 2023, 'painting', 'available');
INSERT INTO artworks (id, filename, image_url, title_cs, title_en, medium_cs, medium_en, dimensions, year, category, status) VALUES ('p-072', '072---odpocinek.jpg', '/api/images/originals/072---odpocinek.jpg', 'Odpočinek', 'Rest', 'olej na plátně', 'oil on canvas', '40×33 cm', 2023, 'painting', 'available');
INSERT INTO artworks (id, filename, image_url, title_cs, title_en, medium_cs, medium_en, dimensions, year, category, status) VALUES ('p-073', '073---matka.jpg', '/api/images/originals/073---matka.jpg', 'Matka', 'Mother', 'olej na plátně', 'oil on canvas', '25×30 cm', 2023, 'painting', 'available');
INSERT INTO artworks (id, filename, image_url, title_cs, title_en, medium_cs, medium_en, dimensions, year, category, status) VALUES ('p-058', '058---voda.jpg', '/api/images/originals/058---voda.jpg', 'Voda', 'Water', 'olej na plátně', 'oil on canvas', '34×40 cm', 2020, 'painting', 'available');
INSERT INTO artworks (id, filename, image_url, title_cs, title_en, medium_cs, medium_en, dimensions, year, category, status) VALUES ('p-069', '069---ohen-i.jpg', '/api/images/originals/069---ohen-i.jpg', 'Oheň I', 'Fire I', 'olej na plátně', 'oil on canvas', '25×30 cm', 2020, 'painting', 'available');
INSERT INTO artworks (id, filename, image_url, title_cs, title_en, medium_cs, medium_en, dimensions, year, category, status) VALUES ('p-070', '070---ohen-ii.jpg', '/api/images/originals/070---ohen-ii.jpg', 'Oheň II', 'Fire II', 'olej na plátně', 'oil on canvas', '25×30 cm', 2020, 'painting', 'available');
INSERT INTO artworks (id, filename, image_url, title_cs, title_en, medium_cs, medium_en, dimensions, year, category, status) VALUES ('w-w001', 'img_0292.jpg', '/api/images/originals/img_0292.jpg', 'Vertikální setkání', 'Vertical Encounter', 'akvarel / tuš', 'watercolor / ink', '', 2025, 'watercolor', 'available');
INSERT INTO artworks (id, filename, image_url, title_cs, title_en, medium_cs, medium_en, dimensions, year, category, status) VALUES ('w-w002', 'img_0293.jpg', '/api/images/originals/img_0293.jpg', 'Vertikální setkání', 'Vertical Encounter', 'akvarel / tuš', 'watercolor / ink', '', 2025, 'watercolor', 'available');
INSERT INTO artworks (id, filename, image_url, title_cs, title_en, medium_cs, medium_en, dimensions, year, category, status) VALUES ('w-w003', 'img_0294.jpg', '/api/images/originals/img_0294.jpg', 'Vertikální setkání', 'Vertical Encounter', 'akvarel / tuš', 'watercolor / ink', '', 2025, 'watercolor', 'available');
INSERT INTO artworks (id, filename, image_url, title_cs, title_en, medium_cs, medium_en, dimensions, year, category, status) VALUES ('w-w004', 'img_0295.jpg', '/api/images/originals/img_0295.jpg', 'Vertikální setkání', 'Vertical Encounter', 'akvarel / tuš', 'watercolor / ink', '', 2025, 'watercolor', 'available');
INSERT INTO artworks (id, filename, image_url, title_cs, title_en, medium_cs, medium_en, dimensions, year, category, status) VALUES ('w-w005', 'img_0296.jpg', '/api/images/originals/img_0296.jpg', 'Vertikální setkání', 'Vertical Encounter', 'akvarel / tuš', 'watercolor / ink', '', 2025, 'watercolor', 'available');
INSERT INTO artworks (id, filename, image_url, title_cs, title_en, medium_cs, medium_en, dimensions, year, category, status) VALUES ('w-w006', 'img_0297.jpg', '/api/images/originals/img_0297.jpg', 'Vertikální setkání', 'Vertical Encounter', 'akvarel / tuš', 'watercolor / ink', '', 2025, 'watercolor', 'available');
INSERT INTO artworks (id, filename, image_url, title_cs, title_en, medium_cs, medium_en, dimensions, year, category, status) VALUES ('w-w007', 'img_0298.jpg', '/api/images/originals/img_0298.jpg', 'Vertikální setkání', 'Vertical Encounter', 'akvarel / tuš', 'watercolor / ink', '', 2025, 'watercolor', 'available');
INSERT INTO artworks (id, filename, image_url, title_cs, title_en, medium_cs, medium_en, dimensions, year, category, status) VALUES ('w-w008', 'img_0299.jpg', '/api/images/originals/img_0299.jpg', 'Vertikální setkání', 'Vertical Encounter', 'akvarel / tuš', 'watercolor / ink', '', 2025, 'watercolor', 'available');
INSERT INTO artworks (id, filename, image_url, title_cs, title_en, medium_cs, medium_en, dimensions, year, category, status) VALUES ('w-w009', 'img_0300.jpg', '/api/images/originals/img_0300.jpg', 'Vertikální setkání', 'Vertical Encounter', 'akvarel / tuš', 'watercolor / ink', '', 2025, 'watercolor', 'available');
INSERT INTO artworks (id, filename, image_url, title_cs, title_en, medium_cs, medium_en, dimensions, year, category, status) VALUES ('w-w010', 'img_0245.jpg', '/api/images/originals/img_0245.jpg', 'Koně', 'Horses', 'akvarel / tuš', 'watercolor / ink', '', 2025, 'watercolor', 'available');
INSERT INTO artworks (id, filename, image_url, title_cs, title_en, medium_cs, medium_en, dimensions, year, category, status) VALUES ('w-w011', 'img_0246.jpg', '/api/images/originals/img_0246.jpg', 'Koně', 'Horses', 'akvarel / tuš', 'watercolor / ink', '', 2025, 'watercolor', 'available');
INSERT INTO artworks (id, filename, image_url, title_cs, title_en, medium_cs, medium_en, dimensions, year, category, status) VALUES ('w-w012', 'img_0247.jpg', '/api/images/originals/img_0247.jpg', 'Koně', 'Horses', 'akvarel / tuš', 'watercolor / ink', '', 2025, 'watercolor', 'available');
INSERT INTO artworks (id, filename, image_url, title_cs, title_en, medium_cs, medium_en, dimensions, year, category, status) VALUES ('w-w013', 'img_0248.jpg', '/api/images/originals/img_0248.jpg', 'Koně', 'Horses', 'akvarel / tuš', 'watercolor / ink', '', 2025, 'watercolor', 'available');
INSERT INTO artworks (id, filename, image_url, title_cs, title_en, medium_cs, medium_en, dimensions, year, category, status) VALUES ('w-w014', 'img_0249.jpg', '/api/images/originals/img_0249.jpg', 'Koně', 'Horses', 'akvarel / tuš', 'watercolor / ink', '', 2025, 'watercolor', 'available');
INSERT INTO artworks (id, filename, image_url, title_cs, title_en, medium_cs, medium_en, dimensions, year, category, status) VALUES ('w-w015', 'img_0250.jpg', '/api/images/originals/img_0250.jpg', 'Koně', 'Horses', 'akvarel / tuš', 'watercolor / ink', '', 2025, 'watercolor', 'available');
INSERT INTO artworks (id, filename, image_url, title_cs, title_en, medium_cs, medium_en, dimensions, year, category, status) VALUES ('w-w016', 'img_0310.jpg', '/api/images/originals/img_0310.jpg', 'Koně', 'Horses', 'akvarel / tuš', 'watercolor / ink', '', 2025, 'watercolor', 'available');
INSERT INTO artworks (id, filename, image_url, title_cs, title_en, medium_cs, medium_en, dimensions, year, category, status) VALUES ('w-w017', 'img_0311.jpg', '/api/images/originals/img_0311.jpg', 'Koně', 'Horses', 'akvarel / tuš', 'watercolor / ink', '', 2025, 'watercolor', 'available');
INSERT INTO artworks (id, filename, image_url, title_cs, title_en, medium_cs, medium_en, dimensions, year, category, status) VALUES ('w-w018', 'img_0312.jpg', '/api/images/originals/img_0312.jpg', 'Koně', 'Horses', 'akvarel / tuš', 'watercolor / ink', '', 2025, 'watercolor', 'available');
INSERT INTO artworks (id, filename, image_url, title_cs, title_en, medium_cs, medium_en, dimensions, year, category, status) VALUES ('w-w019', 'img_0285.jpg', '/api/images/originals/img_0285.jpg', 'Člověk ve vesmíru', 'Human in Space', 'akvarel / tuš', 'watercolor / ink', '', 2025, 'watercolor', 'available');
INSERT INTO artworks (id, filename, image_url, title_cs, title_en, medium_cs, medium_en, dimensions, year, category, status) VALUES ('w-w020', 'img_0286.jpg', '/api/images/originals/img_0286.jpg', 'Člověk ve vesmíru', 'Human in Space', 'akvarel / tuš', 'watercolor / ink', '', 2025, 'watercolor', 'available');
INSERT INTO artworks (id, filename, image_url, title_cs, title_en, medium_cs, medium_en, dimensions, year, category, status) VALUES ('w-w021', 'img_0287.jpg', '/api/images/originals/img_0287.jpg', 'Člověk ve vesmíru', 'Human in Space', 'akvarel / tuš', 'watercolor / ink', '', 2025, 'watercolor', 'available');
INSERT INTO artworks (id, filename, image_url, title_cs, title_en, medium_cs, medium_en, dimensions, year, category, status) VALUES ('w-w022', 'img_0288.jpg', '/api/images/originals/img_0288.jpg', 'Člověk ve vesmíru', 'Human in Space', 'akvarel / tuš', 'watercolor / ink', '', 2025, 'watercolor', 'available');
INSERT INTO artworks (id, filename, image_url, title_cs, title_en, medium_cs, medium_en, dimensions, year, category, status) VALUES ('w-w023', 'img_0289.jpg', '/api/images/originals/img_0289.jpg', 'Člověk ve vesmíru', 'Human in Space', 'akvarel / tuš', 'watercolor / ink', '', 2025, 'watercolor', 'available');
INSERT INTO artworks (id, filename, image_url, title_cs, title_en, medium_cs, medium_en, dimensions, year, category, status) VALUES ('w-w024', 'img_0290.jpg', '/api/images/originals/img_0290.jpg', 'Člověk ve vesmíru', 'Human in Space', 'akvarel / tuš', 'watercolor / ink', '', 2025, 'watercolor', 'available');
INSERT INTO artworks (id, filename, image_url, title_cs, title_en, medium_cs, medium_en, dimensions, year, category, status) VALUES ('w-w025', 'img_0291.jpg', '/api/images/originals/img_0291.jpg', 'Člověk ve vesmíru', 'Human in Space', 'akvarel / tuš', 'watercolor / ink', '', 2025, 'watercolor', 'available');
INSERT INTO artworks (id, filename, image_url, title_cs, title_en, medium_cs, medium_en, dimensions, year, category, status) VALUES ('w-w026', 'img_0279.jpg', '/api/images/originals/img_0279.jpg', 'Smaragdový večer', 'Emerald Evening', 'akvarel / tuš', 'watercolor / ink', '', 2025, 'watercolor', 'available');
INSERT INTO artworks (id, filename, image_url, title_cs, title_en, medium_cs, medium_en, dimensions, year, category, status) VALUES ('w-w027', 'img_0280.jpg', '/api/images/originals/img_0280.jpg', 'Smaragdový večer', 'Emerald Evening', 'akvarel / tuš', 'watercolor / ink', '', 2025, 'watercolor', 'available');
INSERT INTO artworks (id, filename, image_url, title_cs, title_en, medium_cs, medium_en, dimensions, year, category, status) VALUES ('w-w028', 'img_0281.jpg', '/api/images/originals/img_0281.jpg', 'Smaragdový večer', 'Emerald Evening', 'akvarel / tuš', 'watercolor / ink', '', 2025, 'watercolor', 'available');
INSERT INTO artworks (id, filename, image_url, title_cs, title_en, medium_cs, medium_en, dimensions, year, category, status) VALUES ('w-w029', 'img_0282.jpg', '/api/images/originals/img_0282.jpg', 'Smaragdový večer', 'Emerald Evening', 'akvarel / tuš', 'watercolor / ink', '', 2025, 'watercolor', 'available');
INSERT INTO artworks (id, filename, image_url, title_cs, title_en, medium_cs, medium_en, dimensions, year, category, status) VALUES ('w-w030', 'img_0283.jpg', '/api/images/originals/img_0283.jpg', 'Smaragdový večer', 'Emerald Evening', 'akvarel / tuš', 'watercolor / ink', '', 2025, 'watercolor', 'available');
INSERT INTO artworks (id, filename, image_url, title_cs, title_en, medium_cs, medium_en, dimensions, year, category, status) VALUES ('w-w031', 'img_0284.jpg', '/api/images/originals/img_0284.jpg', 'Smaragdový večer', 'Emerald Evening', 'akvarel / tuš', 'watercolor / ink', '', 2025, 'watercolor', 'available');
INSERT INTO artworks (id, filename, image_url, title_cs, title_en, medium_cs, medium_en, dimensions, year, category, status) VALUES ('w-w032', 'img_0230.jpg', '/api/images/originals/img_0230.jpg', 'Stříbrná-modrá', 'Silver-Blue', 'akvarel / tuš', 'watercolor / ink', '', 2025, 'watercolor', 'available');
INSERT INTO artworks (id, filename, image_url, title_cs, title_en, medium_cs, medium_en, dimensions, year, category, status) VALUES ('w-w033', 'img_0241.jpg', '/api/images/originals/img_0241.jpg', 'Stříbrná-modrá', 'Silver-Blue', 'akvarel / tuš', 'watercolor / ink', '', 2025, 'watercolor', 'available');
INSERT INTO artworks (id, filename, image_url, title_cs, title_en, medium_cs, medium_en, dimensions, year, category, status) VALUES ('w-w034', 'img_0242.jpg', '/api/images/originals/img_0242.jpg', 'Stříbrná-modrá', 'Silver-Blue', 'akvarel / tuš', 'watercolor / ink', '', 2025, 'watercolor', 'available');
INSERT INTO artworks (id, filename, image_url, title_cs, title_en, medium_cs, medium_en, dimensions, year, category, status) VALUES ('w-w035', 'img_0243.jpg', '/api/images/originals/img_0243.jpg', 'Stříbrná-modrá', 'Silver-Blue', 'akvarel / tuš', 'watercolor / ink', '', 2025, 'watercolor', 'available');
INSERT INTO artworks (id, filename, image_url, title_cs, title_en, medium_cs, medium_en, dimensions, year, category, status) VALUES ('w-w036', 'img_0244.jpg', '/api/images/originals/img_0244.jpg', 'Stříbrná-modrá', 'Silver-Blue', 'akvarel / tuš', 'watercolor / ink', '', 2025, 'watercolor', 'available');
INSERT INTO artworks (id, filename, image_url, title_cs, title_en, medium_cs, medium_en, dimensions, year, category, status) VALUES ('w-w037', 'img_0268.jpg', '/api/images/originals/img_0268.jpg', 'Snažící se člověk', 'Striving Human', 'akvarel / tuš', 'watercolor / ink', '', 2025, 'watercolor', 'available');
INSERT INTO artworks (id, filename, image_url, title_cs, title_en, medium_cs, medium_en, dimensions, year, category, status) VALUES ('w-w038', 'img_0269.jpg', '/api/images/originals/img_0269.jpg', 'Snažící se člověk', 'Striving Human', 'akvarel / tuš', 'watercolor / ink', '', 2025, 'watercolor', 'available');
INSERT INTO artworks (id, filename, image_url, title_cs, title_en, medium_cs, medium_en, dimensions, year, category, status) VALUES ('w-w039', 'img_0270.jpg', '/api/images/originals/img_0270.jpg', 'Snažící se člověk', 'Striving Human', 'akvarel / tuš', 'watercolor / ink', '', 2025, 'watercolor', 'available');
INSERT INTO artworks (id, filename, image_url, title_cs, title_en, medium_cs, medium_en, dimensions, year, category, status) VALUES ('w-w040', 'img_0271.jpg', '/api/images/originals/img_0271.jpg', 'Snažící se člověk', 'Striving Human', 'akvarel / tuš', 'watercolor / ink', '', 2025, 'watercolor', 'available');
INSERT INTO artworks (id, filename, image_url, title_cs, title_en, medium_cs, medium_en, dimensions, year, category, status) VALUES ('w-w041', 'img_0272.jpg', '/api/images/originals/img_0272.jpg', 'Snažící se člověk', 'Striving Human', 'akvarel / tuš', 'watercolor / ink', '', 2025, 'watercolor', 'available');
INSERT INTO artworks (id, filename, image_url, title_cs, title_en, medium_cs, medium_en, dimensions, year, category, status) VALUES ('w-w042', 'img_0276.jpg', '/api/images/originals/img_0276.jpg', 'Konstrukce někoho, kdo neexistuje', 'Construction of Someone Who Doesn''t Exist', 'akvarel / tuš', 'watercolor / ink', '', 2025, 'watercolor', 'available');
INSERT INTO artworks (id, filename, image_url, title_cs, title_en, medium_cs, medium_en, dimensions, year, category, status) VALUES ('w-w043', 'img_0277.jpg', '/api/images/originals/img_0277.jpg', 'Konstrukce někoho, kdo neexistuje', 'Construction of Someone Who Doesn''t Exist', 'akvarel / tuš', 'watercolor / ink', '', 2025, 'watercolor', 'available');
INSERT INTO artworks (id, filename, image_url, title_cs, title_en, medium_cs, medium_en, dimensions, year, category, status) VALUES ('w-w044', 'img_0278.jpg', '/api/images/originals/img_0278.jpg', 'Konstrukce někoho, kdo neexistuje', 'Construction of Someone Who Doesn''t Exist', 'akvarel / tuš', 'watercolor / ink', '', 2025, 'watercolor', 'available');
INSERT INTO artworks (id, filename, image_url, title_cs, title_en, medium_cs, medium_en, dimensions, year, category, status) VALUES ('w-w045', 'img_0229.jpg', '/api/images/originals/img_0229.jpg', 'Nezařazené', 'Uncategorized', 'akvarel / tuš', 'watercolor / ink', '', 2025, 'watercolor', 'available');
INSERT INTO artworks (id, filename, image_url, title_cs, title_en, medium_cs, medium_en, dimensions, year, category, status) VALUES ('w-w046', 'img_0231.jpg', '/api/images/originals/img_0231.jpg', 'Nezařazené', 'Uncategorized', 'akvarel / tuš', 'watercolor / ink', '', 2025, 'watercolor', 'available');
INSERT INTO artworks (id, filename, image_url, title_cs, title_en, medium_cs, medium_en, dimensions, year, category, status) VALUES ('w-w047', 'img_0232.jpg', '/api/images/originals/img_0232.jpg', 'Nezařazené', 'Uncategorized', 'akvarel / tuš', 'watercolor / ink', '', 2025, 'watercolor', 'available');
INSERT INTO artworks (id, filename, image_url, title_cs, title_en, medium_cs, medium_en, dimensions, year, category, status) VALUES ('w-w048', 'img_0233.jpg', '/api/images/originals/img_0233.jpg', 'Nezařazené', 'Uncategorized', 'akvarel / tuš', 'watercolor / ink', '', 2025, 'watercolor', 'available');
INSERT INTO artworks (id, filename, image_url, title_cs, title_en, medium_cs, medium_en, dimensions, year, category, status) VALUES ('w-w049', 'img_0234.jpg', '/api/images/originals/img_0234.jpg', 'Nezařazené', 'Uncategorized', 'akvarel / tuš', 'watercolor / ink', '', 2025, 'watercolor', 'available');
INSERT INTO artworks (id, filename, image_url, title_cs, title_en, medium_cs, medium_en, dimensions, year, category, status) VALUES ('w-w050', 'img_0236.jpg', '/api/images/originals/img_0236.jpg', 'Nezařazené', 'Uncategorized', 'akvarel / tuš', 'watercolor / ink', '', 2025, 'watercolor', 'available');
INSERT INTO artworks (id, filename, image_url, title_cs, title_en, medium_cs, medium_en, dimensions, year, category, status) VALUES ('w-w051', 'img_0237.jpg', '/api/images/originals/img_0237.jpg', 'Nezařazené', 'Uncategorized', 'akvarel / tuš', 'watercolor / ink', '', 2025, 'watercolor', 'available');
INSERT INTO artworks (id, filename, image_url, title_cs, title_en, medium_cs, medium_en, dimensions, year, category, status) VALUES ('w-w052', 'img_0238.jpg', '/api/images/originals/img_0238.jpg', 'Nezařazené', 'Uncategorized', 'akvarel / tuš', 'watercolor / ink', '', 2025, 'watercolor', 'available');
INSERT INTO artworks (id, filename, image_url, title_cs, title_en, medium_cs, medium_en, dimensions, year, category, status) VALUES ('w-w053', 'img_0239.jpg', '/api/images/originals/img_0239.jpg', 'Nezařazené', 'Uncategorized', 'akvarel / tuš', 'watercolor / ink', '', 2025, 'watercolor', 'available');
INSERT INTO artworks (id, filename, image_url, title_cs, title_en, medium_cs, medium_en, dimensions, year, category, status) VALUES ('w-w054', 'img_0240.jpg', '/api/images/originals/img_0240.jpg', 'Nezařazené', 'Uncategorized', 'akvarel / tuš', 'watercolor / ink', '', 2025, 'watercolor', 'available');
INSERT INTO artworks (id, filename, image_url, title_cs, title_en, medium_cs, medium_en, dimensions, year, category, status) VALUES ('w-w055', 'img_0253.jpg', '/api/images/originals/img_0253.jpg', 'Nezařazené', 'Uncategorized', 'akvarel / tuš', 'watercolor / ink', '', 2025, 'watercolor', 'available');
INSERT INTO artworks (id, filename, image_url, title_cs, title_en, medium_cs, medium_en, dimensions, year, category, status) VALUES ('w-w056', 'img_0254.jpg', '/api/images/originals/img_0254.jpg', 'Nezařazené', 'Uncategorized', 'akvarel / tuš', 'watercolor / ink', '', 2025, 'watercolor', 'available');
INSERT INTO artworks (id, filename, image_url, title_cs, title_en, medium_cs, medium_en, dimensions, year, category, status) VALUES ('w-w057', 'img_0255.jpg', '/api/images/originals/img_0255.jpg', 'Nezařazené', 'Uncategorized', 'akvarel / tuš', 'watercolor / ink', '', 2025, 'watercolor', 'available');
INSERT INTO artworks (id, filename, image_url, title_cs, title_en, medium_cs, medium_en, dimensions, year, category, status) VALUES ('w-w058', 'img_0256.jpg', '/api/images/originals/img_0256.jpg', 'Nezařazené', 'Uncategorized', 'akvarel / tuš', 'watercolor / ink', '', 2025, 'watercolor', 'available');
INSERT INTO artworks (id, filename, image_url, title_cs, title_en, medium_cs, medium_en, dimensions, year, category, status) VALUES ('w-w059', 'img_0257.jpg', '/api/images/originals/img_0257.jpg', 'Nezařazené', 'Uncategorized', 'akvarel / tuš', 'watercolor / ink', '', 2025, 'watercolor', 'available');
INSERT INTO artworks (id, filename, image_url, title_cs, title_en, medium_cs, medium_en, dimensions, year, category, status) VALUES ('w-w060', 'img_0258.jpg', '/api/images/originals/img_0258.jpg', 'Nezařazené', 'Uncategorized', 'akvarel / tuš', 'watercolor / ink', '', 2025, 'watercolor', 'available');
INSERT INTO artworks (id, filename, image_url, title_cs, title_en, medium_cs, medium_en, dimensions, year, category, status) VALUES ('w-w061', 'img_0259.jpg', '/api/images/originals/img_0259.jpg', 'Nezařazené', 'Uncategorized', 'akvarel / tuš', 'watercolor / ink', '', 2025, 'watercolor', 'available');
INSERT INTO artworks (id, filename, image_url, title_cs, title_en, medium_cs, medium_en, dimensions, year, category, status) VALUES ('w-w062', 'img_0260.jpg', '/api/images/originals/img_0260.jpg', 'Nezařazené', 'Uncategorized', 'akvarel / tuš', 'watercolor / ink', '', 2025, 'watercolor', 'available');
INSERT INTO artworks (id, filename, image_url, title_cs, title_en, medium_cs, medium_en, dimensions, year, category, status) VALUES ('w-w063', 'img_0262.jpg', '/api/images/originals/img_0262.jpg', 'Nezařazené', 'Uncategorized', 'akvarel / tuš', 'watercolor / ink', '', 2025, 'watercolor', 'available');
INSERT INTO artworks (id, filename, image_url, title_cs, title_en, medium_cs, medium_en, dimensions, year, category, status) VALUES ('w-w064', 'img_0263.jpg', '/api/images/originals/img_0263.jpg', 'Nezařazené', 'Uncategorized', 'akvarel / tuš', 'watercolor / ink', '', 2025, 'watercolor', 'available');
INSERT INTO artworks (id, filename, image_url, title_cs, title_en, medium_cs, medium_en, dimensions, year, category, status) VALUES ('w-w065', 'img_0264.jpg', '/api/images/originals/img_0264.jpg', 'Nezařazené', 'Uncategorized', 'akvarel / tuš', 'watercolor / ink', '', 2025, 'watercolor', 'available');
INSERT INTO artworks (id, filename, image_url, title_cs, title_en, medium_cs, medium_en, dimensions, year, category, status) VALUES ('w-w066', 'img_0265.jpg', '/api/images/originals/img_0265.jpg', 'Nezařazené', 'Uncategorized', 'akvarel / tuš', 'watercolor / ink', '', 2025, 'watercolor', 'available');
INSERT INTO artworks (id, filename, image_url, title_cs, title_en, medium_cs, medium_en, dimensions, year, category, status) VALUES ('w-w067', 'img_0266.jpg', '/api/images/originals/img_0266.jpg', 'Nezařazené', 'Uncategorized', 'akvarel / tuš', 'watercolor / ink', '', 2025, 'watercolor', 'available');
INSERT INTO artworks (id, filename, image_url, title_cs, title_en, medium_cs, medium_en, dimensions, year, category, status) VALUES ('w-w068', 'img_0267.jpg', '/api/images/originals/img_0267.jpg', 'Nezařazené', 'Uncategorized', 'akvarel / tuš', 'watercolor / ink', '', 2025, 'watercolor', 'available');
INSERT INTO artworks (id, filename, image_url, title_cs, title_en, medium_cs, medium_en, dimensions, year, category, status) VALUES ('w-w069', 'img_0273.jpg', '/api/images/originals/img_0273.jpg', 'Nezařazené', 'Uncategorized', 'akvarel / tuš', 'watercolor / ink', '', 2025, 'watercolor', 'available');
INSERT INTO artworks (id, filename, image_url, title_cs, title_en, medium_cs, medium_en, dimensions, year, category, status) VALUES ('w-w070', 'img_0274.jpg', '/api/images/originals/img_0274.jpg', 'Nezařazené', 'Uncategorized', 'akvarel / tuš', 'watercolor / ink', '', 2025, 'watercolor', 'available');
INSERT INTO artworks (id, filename, image_url, title_cs, title_en, medium_cs, medium_en, dimensions, year, category, status) VALUES ('w-w071', 'img_0275.jpg', '/api/images/originals/img_0275.jpg', 'Nezařazené', 'Uncategorized', 'akvarel / tuš', 'watercolor / ink', '', 2025, 'watercolor', 'available');
INSERT INTO artworks (id, filename, image_url, title_cs, title_en, medium_cs, medium_en, dimensions, year, category, status) VALUES ('w-w072', 'img_0301.jpg', '/api/images/originals/img_0301.jpg', 'Nezařazené', 'Uncategorized', 'akvarel / tuš', 'watercolor / ink', '', 2027, 'watercolor', 'available');
INSERT INTO artworks (id, filename, image_url, title_cs, title_en, medium_cs, medium_en, dimensions, year, category, status) VALUES ('w-w073', 'img_0302.jpg', '/api/images/originals/img_0302.jpg', 'Nezařazené', 'Uncategorized', 'akvarel / tuš', 'watercolor / ink', '', 2031, 'watercolor', 'available');
INSERT INTO artworks (id, filename, image_url, title_cs, title_en, medium_cs, medium_en, dimensions, year, category, status) VALUES ('w-w074', 'img_0303.jpg', '/api/images/originals/img_0303.jpg', 'Nezařazené', 'Uncategorized', 'akvarel / tuš', 'watercolor / ink', '', 2033, 'watercolor', 'available');
INSERT INTO artworks (id, filename, image_url, title_cs, title_en, medium_cs, medium_en, dimensions, year, category, status) VALUES ('w-w075', 'img_0304.jpg', '/api/images/originals/img_0304.jpg', 'Nezařazené', 'Uncategorized', 'akvarel / tuš', 'watercolor / ink', '', 2025, 'watercolor', 'available');

-- Insert galleries
INSERT INTO galleries (id, slug, type, name_cs, name_en, category) VALUES ('gal-carousel', 'carousel', 'carousel', 'Carousel', 'Carousel', 'painting');
INSERT INTO galleries (id, slug, type, name_cs, name_en, category) VALUES ('gal-featured', 'featured', 'featured', 'Vybrané', 'Featured', 'painting');
INSERT INTO galleries (id, slug, type, name_cs, name_en, category, year) VALUES ('gal-year-2033', 'paintings-2033', 'year', 'Malby 2033', 'Paintings 2033', 'painting', 2033);
INSERT INTO galleries (id, slug, type, name_cs, name_en, category, year) VALUES ('gal-year-2028', 'paintings-2028', 'year', 'Malby 2028', 'Paintings 2028', 'painting', 2028);
INSERT INTO galleries (id, slug, type, name_cs, name_en, category, year) VALUES ('gal-year-2025', 'paintings-2025', 'year', 'Malby 2025', 'Paintings 2025', 'painting', 2025);
INSERT INTO galleries (id, slug, type, name_cs, name_en, category, year) VALUES ('gal-year-2024', 'paintings-2024', 'year', 'Malby 2024', 'Paintings 2024', 'painting', 2024);
INSERT INTO galleries (id, slug, type, name_cs, name_en, category, year) VALUES ('gal-year-2023', 'paintings-2023', 'year', 'Malby 2023', 'Paintings 2023', 'painting', 2023);
INSERT INTO galleries (id, slug, type, name_cs, name_en, category, year) VALUES ('gal-year-2020', 'paintings-2020', 'year', 'Malby 2020', 'Paintings 2020', 'painting', 2020);
INSERT INTO galleries (id, slug, type, name_cs, name_en, category, year, series_key, sort_order) VALUES ('gal-series-vertikalni-setkani', 'vertikalni-setkani', 'series', 'Vertikální setkání', 'Vertical Encounterss', 'watercolor', 2025, 'vertikalni-setkani', 0);
INSERT INTO galleries (id, slug, type, name_cs, name_en, category, year, series_key, sort_order) VALUES ('gal-series-kone', 'kone', 'series', 'Koně', 'Horses', 'watercolor', 2025, 'kone', 1);
INSERT INTO galleries (id, slug, type, name_cs, name_en, category, year, series_key, sort_order) VALUES ('gal-series-clovek-ve-vesmiru', 'clovek-ve-vesmiru', 'series', 'Člověk ve vesmíru', 'Human in Space', 'watercolor', 2025, 'clovek-ve-vesmiru', 2);
INSERT INTO galleries (id, slug, type, name_cs, name_en, category, year, series_key, sort_order) VALUES ('gal-series-smaragdovy-vecer', 'smaragdovy-vecer', 'series', 'Smaragdový večer', 'Emerald Evening', 'watercolor', 2025, 'smaragdovy-vecer', 3);
INSERT INTO galleries (id, slug, type, name_cs, name_en, category, year, series_key, sort_order) VALUES ('gal-series-stribrna-modra', 'stribrna-modra', 'series', 'Stříbrná-modrá', 'Silver-Blue', 'watercolor', 2025, 'stribrna-modra', 4);
INSERT INTO galleries (id, slug, type, name_cs, name_en, category, year, series_key, sort_order) VALUES ('gal-series-snazici-se-clovek', 'snazici-se-clovek', 'series', 'Snažící se člověk', 'Striving Human', 'watercolor', 2025, 'snazici-se-clovek', 5);
INSERT INTO galleries (id, slug, type, name_cs, name_en, category, year, series_key, sort_order) VALUES ('gal-series-konstrukce', 'konstrukce', 'series', 'Konstrukce někoho, kdo neexistuje', 'Construction of Someone Who Doesn''t Exist', 'watercolor', 2025, 'konstrukce', 6);
INSERT INTO galleries (id, slug, type, name_cs, name_en, category, year, series_key, sort_order) VALUES ('gal-series-nezarazene', 'nezarazene', 'series', 'Nezařazené', 'Uncategorized', 'watercolor', 2025, 'nezarazene', 7);

-- Insert gallery items
INSERT INTO gallery_items (id, gallery_id, artwork_id, position) VALUES ('gi-0', 'gal-carousel', 'p-001', 0);
INSERT INTO gallery_items (id, gallery_id, artwork_id, position) VALUES ('gi-1', 'gal-carousel', 'p-003', 1);
INSERT INTO gallery_items (id, gallery_id, artwork_id, position) VALUES ('gi-2', 'gal-carousel', 'p-004', 2);
INSERT INTO gallery_items (id, gallery_id, artwork_id, position) VALUES ('gi-3', 'gal-carousel', 'p-010', 3);
INSERT INTO gallery_items (id, gallery_id, artwork_id, position) VALUES ('gi-4', 'gal-carousel', 'p-014', 4);
INSERT INTO gallery_items (id, gallery_id, artwork_id, position) VALUES ('gi-5', 'gal-carousel', 'p-018', 5);
INSERT INTO gallery_items (id, gallery_id, artwork_id, position) VALUES ('gi-6', 'gal-carousel', 'p-023', 6);
INSERT INTO gallery_items (id, gallery_id, artwork_id, position) VALUES ('gi-7', 'gal-carousel', 'p-032', 7);
INSERT INTO gallery_items (id, gallery_id, artwork_id, position) VALUES ('gi-8', 'gal-carousel', 'p-036', 8);
INSERT INTO gallery_items (id, gallery_id, artwork_id, position) VALUES ('gi-9', 'gal-carousel', 'p-040', 9);
INSERT INTO gallery_items (id, gallery_id, artwork_id, position) VALUES ('gi-10', 'gal-carousel', 'p-061', 10);
INSERT INTO gallery_items (id, gallery_id, artwork_id, position) VALUES ('gi-11', 'gal-featured', 'p-001', 0);
INSERT INTO gallery_items (id, gallery_id, artwork_id, position) VALUES ('gi-12', 'gal-featured', 'p-007', 1);
INSERT INTO gallery_items (id, gallery_id, artwork_id, position) VALUES ('gi-13', 'gal-featured', 'p-008', 2);
INSERT INTO gallery_items (id, gallery_id, artwork_id, position) VALUES ('gi-14', 'gal-featured', 'p-030', 3);
INSERT INTO gallery_items (id, gallery_id, artwork_id, position) VALUES ('gi-15', 'gal-featured', 'p-038', 4);
INSERT INTO gallery_items (id, gallery_id, artwork_id, position) VALUES ('gi-16', 'gal-featured', 'p-076', 5);
INSERT INTO gallery_items (id, gallery_id, artwork_id, position) VALUES ('gi-17', 'gal-year-2033', 'p-8133ffac', 0);
INSERT INTO gallery_items (id, gallery_id, artwork_id, position) VALUES ('gi-18', 'gal-year-2028', 'p-50ae5543', 0);
INSERT INTO gallery_items (id, gallery_id, artwork_id, position) VALUES ('gi-19', 'gal-year-2025', 'p-001', 0);
INSERT INTO gallery_items (id, gallery_id, artwork_id, position) VALUES ('gi-20', 'gal-year-2025', 'p-002', 1);
INSERT INTO gallery_items (id, gallery_id, artwork_id, position) VALUES ('gi-21', 'gal-year-2025', 'p-006', 2);
INSERT INTO gallery_items (id, gallery_id, artwork_id, position) VALUES ('gi-22', 'gal-year-2025', 'p-007', 3);
INSERT INTO gallery_items (id, gallery_id, artwork_id, position) VALUES ('gi-23', 'gal-year-2025', 'p-008', 4);
INSERT INTO gallery_items (id, gallery_id, artwork_id, position) VALUES ('gi-24', 'gal-year-2025', 'p-027', 5);
INSERT INTO gallery_items (id, gallery_id, artwork_id, position) VALUES ('gi-25', 'gal-year-2025', 'p-030', 6);
INSERT INTO gallery_items (id, gallery_id, artwork_id, position) VALUES ('gi-26', 'gal-year-2025', 'p-038', 7);
INSERT INTO gallery_items (id, gallery_id, artwork_id, position) VALUES ('gi-27', 'gal-year-2025', 'p-059', 8);
INSERT INTO gallery_items (id, gallery_id, artwork_id, position) VALUES ('gi-28', 'gal-year-2025', 'p-076', 9);
INSERT INTO gallery_items (id, gallery_id, artwork_id, position) VALUES ('gi-29', 'gal-year-2025', 'p-079', 10);
INSERT INTO gallery_items (id, gallery_id, artwork_id, position) VALUES ('gi-30', 'gal-year-2025', 'p-080', 11);
INSERT INTO gallery_items (id, gallery_id, artwork_id, position) VALUES ('gi-31', 'gal-year-2025', 'p-082', 12);
INSERT INTO gallery_items (id, gallery_id, artwork_id, position) VALUES ('gi-32', 'gal-year-2025', 'p-083', 13);
INSERT INTO gallery_items (id, gallery_id, artwork_id, position) VALUES ('gi-33', 'gal-year-2024', 'p-003', 0);
INSERT INTO gallery_items (id, gallery_id, artwork_id, position) VALUES ('gi-34', 'gal-year-2024', 'p-004', 1);
INSERT INTO gallery_items (id, gallery_id, artwork_id, position) VALUES ('gi-35', 'gal-year-2024', 'p-005', 2);
INSERT INTO gallery_items (id, gallery_id, artwork_id, position) VALUES ('gi-36', 'gal-year-2024', 'p-009', 3);
INSERT INTO gallery_items (id, gallery_id, artwork_id, position) VALUES ('gi-37', 'gal-year-2024', 'p-010', 4);
INSERT INTO gallery_items (id, gallery_id, artwork_id, position) VALUES ('gi-38', 'gal-year-2024', 'p-011', 5);
INSERT INTO gallery_items (id, gallery_id, artwork_id, position) VALUES ('gi-39', 'gal-year-2024', 'p-012', 6);
INSERT INTO gallery_items (id, gallery_id, artwork_id, position) VALUES ('gi-40', 'gal-year-2024', 'p-013', 7);
INSERT INTO gallery_items (id, gallery_id, artwork_id, position) VALUES ('gi-41', 'gal-year-2024', 'p-014', 8);
INSERT INTO gallery_items (id, gallery_id, artwork_id, position) VALUES ('gi-42', 'gal-year-2024', 'p-015', 9);
INSERT INTO gallery_items (id, gallery_id, artwork_id, position) VALUES ('gi-43', 'gal-year-2024', 'p-016', 10);
INSERT INTO gallery_items (id, gallery_id, artwork_id, position) VALUES ('gi-44', 'gal-year-2024', 'p-018', 11);
INSERT INTO gallery_items (id, gallery_id, artwork_id, position) VALUES ('gi-45', 'gal-year-2024', 'p-019', 12);
INSERT INTO gallery_items (id, gallery_id, artwork_id, position) VALUES ('gi-46', 'gal-year-2024', 'p-020', 13);
INSERT INTO gallery_items (id, gallery_id, artwork_id, position) VALUES ('gi-47', 'gal-year-2024', 'p-021', 14);
INSERT INTO gallery_items (id, gallery_id, artwork_id, position) VALUES ('gi-48', 'gal-year-2024', 'p-022', 15);
INSERT INTO gallery_items (id, gallery_id, artwork_id, position) VALUES ('gi-49', 'gal-year-2024', 'p-023', 16);
INSERT INTO gallery_items (id, gallery_id, artwork_id, position) VALUES ('gi-50', 'gal-year-2024', 'p-024', 17);
INSERT INTO gallery_items (id, gallery_id, artwork_id, position) VALUES ('gi-51', 'gal-year-2024', 'p-029', 18);
INSERT INTO gallery_items (id, gallery_id, artwork_id, position) VALUES ('gi-52', 'gal-year-2024', 'p-031', 19);
INSERT INTO gallery_items (id, gallery_id, artwork_id, position) VALUES ('gi-53', 'gal-year-2024', 'p-032', 20);
INSERT INTO gallery_items (id, gallery_id, artwork_id, position) VALUES ('gi-54', 'gal-year-2024', 'p-033', 21);
INSERT INTO gallery_items (id, gallery_id, artwork_id, position) VALUES ('gi-55', 'gal-year-2024', 'p-034', 22);
INSERT INTO gallery_items (id, gallery_id, artwork_id, position) VALUES ('gi-56', 'gal-year-2024', 'p-035', 23);
INSERT INTO gallery_items (id, gallery_id, artwork_id, position) VALUES ('gi-57', 'gal-year-2024', 'p-036', 24);
INSERT INTO gallery_items (id, gallery_id, artwork_id, position) VALUES ('gi-58', 'gal-year-2024', 'p-037', 25);
INSERT INTO gallery_items (id, gallery_id, artwork_id, position) VALUES ('gi-59', 'gal-year-2024', 'p-039', 26);
INSERT INTO gallery_items (id, gallery_id, artwork_id, position) VALUES ('gi-60', 'gal-year-2024', 'p-040', 27);
INSERT INTO gallery_items (id, gallery_id, artwork_id, position) VALUES ('gi-61', 'gal-year-2024', 'p-041', 28);
INSERT INTO gallery_items (id, gallery_id, artwork_id, position) VALUES ('gi-62', 'gal-year-2024', 'p-042', 29);
INSERT INTO gallery_items (id, gallery_id, artwork_id, position) VALUES ('gi-63', 'gal-year-2024', 'p-043', 30);
INSERT INTO gallery_items (id, gallery_id, artwork_id, position) VALUES ('gi-64', 'gal-year-2024', 'p-044', 31);
INSERT INTO gallery_items (id, gallery_id, artwork_id, position) VALUES ('gi-65', 'gal-year-2024', 'p-045', 32);
INSERT INTO gallery_items (id, gallery_id, artwork_id, position) VALUES ('gi-66', 'gal-year-2024', 'p-046', 33);
INSERT INTO gallery_items (id, gallery_id, artwork_id, position) VALUES ('gi-67', 'gal-year-2024', 'p-047', 34);
INSERT INTO gallery_items (id, gallery_id, artwork_id, position) VALUES ('gi-68', 'gal-year-2024', 'p-048', 35);
INSERT INTO gallery_items (id, gallery_id, artwork_id, position) VALUES ('gi-69', 'gal-year-2024', 'p-051', 36);
INSERT INTO gallery_items (id, gallery_id, artwork_id, position) VALUES ('gi-70', 'gal-year-2024', 'p-052', 37);
INSERT INTO gallery_items (id, gallery_id, artwork_id, position) VALUES ('gi-71', 'gal-year-2024', 'p-053', 38);
INSERT INTO gallery_items (id, gallery_id, artwork_id, position) VALUES ('gi-72', 'gal-year-2024', 'p-054', 39);
INSERT INTO gallery_items (id, gallery_id, artwork_id, position) VALUES ('gi-73', 'gal-year-2024', 'p-055', 40);
INSERT INTO gallery_items (id, gallery_id, artwork_id, position) VALUES ('gi-74', 'gal-year-2024', 'p-056', 41);
INSERT INTO gallery_items (id, gallery_id, artwork_id, position) VALUES ('gi-75', 'gal-year-2024', 'p-057', 42);
INSERT INTO gallery_items (id, gallery_id, artwork_id, position) VALUES ('gi-76', 'gal-year-2024', 'p-060', 43);
INSERT INTO gallery_items (id, gallery_id, artwork_id, position) VALUES ('gi-77', 'gal-year-2024', 'p-061', 44);
INSERT INTO gallery_items (id, gallery_id, artwork_id, position) VALUES ('gi-78', 'gal-year-2024', 'p-062', 45);
INSERT INTO gallery_items (id, gallery_id, artwork_id, position) VALUES ('gi-79', 'gal-year-2024', 'p-063', 46);
INSERT INTO gallery_items (id, gallery_id, artwork_id, position) VALUES ('gi-80', 'gal-year-2024', 'p-065', 47);
INSERT INTO gallery_items (id, gallery_id, artwork_id, position) VALUES ('gi-81', 'gal-year-2024', 'p-066', 48);
INSERT INTO gallery_items (id, gallery_id, artwork_id, position) VALUES ('gi-82', 'gal-year-2024', 'p-067', 49);
INSERT INTO gallery_items (id, gallery_id, artwork_id, position) VALUES ('gi-83', 'gal-year-2024', 'p-074', 50);
INSERT INTO gallery_items (id, gallery_id, artwork_id, position) VALUES ('gi-84', 'gal-year-2024', 'p-075', 51);
INSERT INTO gallery_items (id, gallery_id, artwork_id, position) VALUES ('gi-85', 'gal-year-2024', 'p-077', 52);
INSERT INTO gallery_items (id, gallery_id, artwork_id, position) VALUES ('gi-86', 'gal-year-2024', 'p-078', 53);
INSERT INTO gallery_items (id, gallery_id, artwork_id, position) VALUES ('gi-87', 'gal-year-2024', 'p-081', 54);
INSERT INTO gallery_items (id, gallery_id, artwork_id, position) VALUES ('gi-88', 'gal-year-2023', 'p-017', 0);
INSERT INTO gallery_items (id, gallery_id, artwork_id, position) VALUES ('gi-89', 'gal-year-2023', 'p-025', 1);
INSERT INTO gallery_items (id, gallery_id, artwork_id, position) VALUES ('gi-90', 'gal-year-2023', 'p-026', 2);
INSERT INTO gallery_items (id, gallery_id, artwork_id, position) VALUES ('gi-91', 'gal-year-2023', 'p-028', 3);
INSERT INTO gallery_items (id, gallery_id, artwork_id, position) VALUES ('gi-92', 'gal-year-2023', 'p-049', 4);
INSERT INTO gallery_items (id, gallery_id, artwork_id, position) VALUES ('gi-93', 'gal-year-2023', 'p-050', 5);
INSERT INTO gallery_items (id, gallery_id, artwork_id, position) VALUES ('gi-94', 'gal-year-2023', 'p-064', 6);
INSERT INTO gallery_items (id, gallery_id, artwork_id, position) VALUES ('gi-95', 'gal-year-2023', 'p-068', 7);
INSERT INTO gallery_items (id, gallery_id, artwork_id, position) VALUES ('gi-96', 'gal-year-2023', 'p-071', 8);
INSERT INTO gallery_items (id, gallery_id, artwork_id, position) VALUES ('gi-97', 'gal-year-2023', 'p-072', 9);
INSERT INTO gallery_items (id, gallery_id, artwork_id, position) VALUES ('gi-98', 'gal-year-2023', 'p-073', 10);
INSERT INTO gallery_items (id, gallery_id, artwork_id, position) VALUES ('gi-99', 'gal-year-2020', 'p-058', 0);
INSERT INTO gallery_items (id, gallery_id, artwork_id, position) VALUES ('gi-100', 'gal-year-2020', 'p-069', 1);
INSERT INTO gallery_items (id, gallery_id, artwork_id, position) VALUES ('gi-101', 'gal-year-2020', 'p-070', 2);
INSERT INTO gallery_items (id, gallery_id, artwork_id, position) VALUES ('gi-102', 'gal-series-vertikalni-setkani', 'w-w001', 0);
INSERT INTO gallery_items (id, gallery_id, artwork_id, position) VALUES ('gi-103', 'gal-series-vertikalni-setkani', 'w-w002', 1);
INSERT INTO gallery_items (id, gallery_id, artwork_id, position) VALUES ('gi-104', 'gal-series-vertikalni-setkani', 'w-w003', 2);
INSERT INTO gallery_items (id, gallery_id, artwork_id, position) VALUES ('gi-105', 'gal-series-vertikalni-setkani', 'w-w004', 3);
INSERT INTO gallery_items (id, gallery_id, artwork_id, position) VALUES ('gi-106', 'gal-series-vertikalni-setkani', 'w-w005', 4);
INSERT INTO gallery_items (id, gallery_id, artwork_id, position) VALUES ('gi-107', 'gal-series-vertikalni-setkani', 'w-w006', 5);
INSERT INTO gallery_items (id, gallery_id, artwork_id, position) VALUES ('gi-108', 'gal-series-vertikalni-setkani', 'w-w007', 6);
INSERT INTO gallery_items (id, gallery_id, artwork_id, position) VALUES ('gi-109', 'gal-series-vertikalni-setkani', 'w-w008', 7);
INSERT INTO gallery_items (id, gallery_id, artwork_id, position) VALUES ('gi-110', 'gal-series-vertikalni-setkani', 'w-w009', 8);
INSERT INTO gallery_items (id, gallery_id, artwork_id, position) VALUES ('gi-111', 'gal-series-kone', 'w-w010', 0);
INSERT INTO gallery_items (id, gallery_id, artwork_id, position) VALUES ('gi-112', 'gal-series-kone', 'w-w011', 1);
INSERT INTO gallery_items (id, gallery_id, artwork_id, position) VALUES ('gi-113', 'gal-series-kone', 'w-w012', 2);
INSERT INTO gallery_items (id, gallery_id, artwork_id, position) VALUES ('gi-114', 'gal-series-kone', 'w-w013', 3);
INSERT INTO gallery_items (id, gallery_id, artwork_id, position) VALUES ('gi-115', 'gal-series-kone', 'w-w014', 4);
INSERT INTO gallery_items (id, gallery_id, artwork_id, position) VALUES ('gi-116', 'gal-series-kone', 'w-w015', 5);
INSERT INTO gallery_items (id, gallery_id, artwork_id, position) VALUES ('gi-117', 'gal-series-kone', 'w-w016', 6);
INSERT INTO gallery_items (id, gallery_id, artwork_id, position) VALUES ('gi-118', 'gal-series-kone', 'w-w017', 7);
INSERT INTO gallery_items (id, gallery_id, artwork_id, position) VALUES ('gi-119', 'gal-series-kone', 'w-w018', 8);
INSERT INTO gallery_items (id, gallery_id, artwork_id, position) VALUES ('gi-120', 'gal-series-clovek-ve-vesmiru', 'w-w019', 0);
INSERT INTO gallery_items (id, gallery_id, artwork_id, position) VALUES ('gi-121', 'gal-series-clovek-ve-vesmiru', 'w-w020', 1);
INSERT INTO gallery_items (id, gallery_id, artwork_id, position) VALUES ('gi-122', 'gal-series-clovek-ve-vesmiru', 'w-w021', 2);
INSERT INTO gallery_items (id, gallery_id, artwork_id, position) VALUES ('gi-123', 'gal-series-clovek-ve-vesmiru', 'w-w022', 3);
INSERT INTO gallery_items (id, gallery_id, artwork_id, position) VALUES ('gi-124', 'gal-series-clovek-ve-vesmiru', 'w-w023', 4);
INSERT INTO gallery_items (id, gallery_id, artwork_id, position) VALUES ('gi-125', 'gal-series-clovek-ve-vesmiru', 'w-w024', 5);
INSERT INTO gallery_items (id, gallery_id, artwork_id, position) VALUES ('gi-126', 'gal-series-clovek-ve-vesmiru', 'w-w025', 6);
INSERT INTO gallery_items (id, gallery_id, artwork_id, position) VALUES ('gi-127', 'gal-series-smaragdovy-vecer', 'w-w026', 0);
INSERT INTO gallery_items (id, gallery_id, artwork_id, position) VALUES ('gi-128', 'gal-series-smaragdovy-vecer', 'w-w027', 1);
INSERT INTO gallery_items (id, gallery_id, artwork_id, position) VALUES ('gi-129', 'gal-series-smaragdovy-vecer', 'w-w028', 2);
INSERT INTO gallery_items (id, gallery_id, artwork_id, position) VALUES ('gi-130', 'gal-series-smaragdovy-vecer', 'w-w029', 3);
INSERT INTO gallery_items (id, gallery_id, artwork_id, position) VALUES ('gi-131', 'gal-series-smaragdovy-vecer', 'w-w030', 4);
INSERT INTO gallery_items (id, gallery_id, artwork_id, position) VALUES ('gi-132', 'gal-series-smaragdovy-vecer', 'w-w031', 5);
INSERT INTO gallery_items (id, gallery_id, artwork_id, position) VALUES ('gi-133', 'gal-series-stribrna-modra', 'w-w032', 0);
INSERT INTO gallery_items (id, gallery_id, artwork_id, position) VALUES ('gi-134', 'gal-series-stribrna-modra', 'w-w033', 1);
INSERT INTO gallery_items (id, gallery_id, artwork_id, position) VALUES ('gi-135', 'gal-series-stribrna-modra', 'w-w034', 2);
INSERT INTO gallery_items (id, gallery_id, artwork_id, position) VALUES ('gi-136', 'gal-series-stribrna-modra', 'w-w035', 3);
INSERT INTO gallery_items (id, gallery_id, artwork_id, position) VALUES ('gi-137', 'gal-series-stribrna-modra', 'w-w036', 4);
INSERT INTO gallery_items (id, gallery_id, artwork_id, position) VALUES ('gi-138', 'gal-series-snazici-se-clovek', 'w-w037', 0);
INSERT INTO gallery_items (id, gallery_id, artwork_id, position) VALUES ('gi-139', 'gal-series-snazici-se-clovek', 'w-w038', 1);
INSERT INTO gallery_items (id, gallery_id, artwork_id, position) VALUES ('gi-140', 'gal-series-snazici-se-clovek', 'w-w039', 2);
INSERT INTO gallery_items (id, gallery_id, artwork_id, position) VALUES ('gi-141', 'gal-series-snazici-se-clovek', 'w-w040', 3);
INSERT INTO gallery_items (id, gallery_id, artwork_id, position) VALUES ('gi-142', 'gal-series-snazici-se-clovek', 'w-w041', 4);
INSERT INTO gallery_items (id, gallery_id, artwork_id, position) VALUES ('gi-143', 'gal-series-konstrukce', 'w-w042', 0);
INSERT INTO gallery_items (id, gallery_id, artwork_id, position) VALUES ('gi-144', 'gal-series-konstrukce', 'w-w043', 1);
INSERT INTO gallery_items (id, gallery_id, artwork_id, position) VALUES ('gi-145', 'gal-series-konstrukce', 'w-w044', 2);
INSERT INTO gallery_items (id, gallery_id, artwork_id, position) VALUES ('gi-146', 'gal-series-nezarazene', 'w-w045', 0);
INSERT INTO gallery_items (id, gallery_id, artwork_id, position) VALUES ('gi-147', 'gal-series-nezarazene', 'w-w046', 1);
INSERT INTO gallery_items (id, gallery_id, artwork_id, position) VALUES ('gi-148', 'gal-series-nezarazene', 'w-w047', 2);
INSERT INTO gallery_items (id, gallery_id, artwork_id, position) VALUES ('gi-149', 'gal-series-nezarazene', 'w-w048', 3);
INSERT INTO gallery_items (id, gallery_id, artwork_id, position) VALUES ('gi-150', 'gal-series-nezarazene', 'w-w049', 4);
INSERT INTO gallery_items (id, gallery_id, artwork_id, position) VALUES ('gi-151', 'gal-series-nezarazene', 'w-w050', 5);
INSERT INTO gallery_items (id, gallery_id, artwork_id, position) VALUES ('gi-152', 'gal-series-nezarazene', 'w-w051', 6);
INSERT INTO gallery_items (id, gallery_id, artwork_id, position) VALUES ('gi-153', 'gal-series-nezarazene', 'w-w052', 7);
INSERT INTO gallery_items (id, gallery_id, artwork_id, position) VALUES ('gi-154', 'gal-series-nezarazene', 'w-w053', 8);
INSERT INTO gallery_items (id, gallery_id, artwork_id, position) VALUES ('gi-155', 'gal-series-nezarazene', 'w-w054', 9);
INSERT INTO gallery_items (id, gallery_id, artwork_id, position) VALUES ('gi-156', 'gal-series-nezarazene', 'w-w055', 10);
INSERT INTO gallery_items (id, gallery_id, artwork_id, position) VALUES ('gi-157', 'gal-series-nezarazene', 'w-w056', 11);
INSERT INTO gallery_items (id, gallery_id, artwork_id, position) VALUES ('gi-158', 'gal-series-nezarazene', 'w-w057', 12);
INSERT INTO gallery_items (id, gallery_id, artwork_id, position) VALUES ('gi-159', 'gal-series-nezarazene', 'w-w058', 13);
INSERT INTO gallery_items (id, gallery_id, artwork_id, position) VALUES ('gi-160', 'gal-series-nezarazene', 'w-w059', 14);
INSERT INTO gallery_items (id, gallery_id, artwork_id, position) VALUES ('gi-161', 'gal-series-nezarazene', 'w-w060', 15);
INSERT INTO gallery_items (id, gallery_id, artwork_id, position) VALUES ('gi-162', 'gal-series-nezarazene', 'w-w061', 16);
INSERT INTO gallery_items (id, gallery_id, artwork_id, position) VALUES ('gi-163', 'gal-series-nezarazene', 'w-w062', 17);
INSERT INTO gallery_items (id, gallery_id, artwork_id, position) VALUES ('gi-164', 'gal-series-nezarazene', 'w-w063', 18);
INSERT INTO gallery_items (id, gallery_id, artwork_id, position) VALUES ('gi-165', 'gal-series-nezarazene', 'w-w064', 19);
INSERT INTO gallery_items (id, gallery_id, artwork_id, position) VALUES ('gi-166', 'gal-series-nezarazene', 'w-w065', 20);
INSERT INTO gallery_items (id, gallery_id, artwork_id, position) VALUES ('gi-167', 'gal-series-nezarazene', 'w-w066', 21);
INSERT INTO gallery_items (id, gallery_id, artwork_id, position) VALUES ('gi-168', 'gal-series-nezarazene', 'w-w067', 22);
INSERT INTO gallery_items (id, gallery_id, artwork_id, position) VALUES ('gi-169', 'gal-series-nezarazene', 'w-w068', 23);
INSERT INTO gallery_items (id, gallery_id, artwork_id, position) VALUES ('gi-170', 'gal-series-nezarazene', 'w-w069', 24);
INSERT INTO gallery_items (id, gallery_id, artwork_id, position) VALUES ('gi-171', 'gal-series-nezarazene', 'w-w070', 25);
INSERT INTO gallery_items (id, gallery_id, artwork_id, position) VALUES ('gi-172', 'gal-series-nezarazene', 'w-w071', 26);
INSERT INTO gallery_items (id, gallery_id, artwork_id, position) VALUES ('gi-173', 'gal-series-nezarazene', 'w-w072', 27);
INSERT INTO gallery_items (id, gallery_id, artwork_id, position) VALUES ('gi-174', 'gal-series-nezarazene', 'w-w073', 28);
INSERT INTO gallery_items (id, gallery_id, artwork_id, position) VALUES ('gi-175', 'gal-series-nezarazene', 'w-w074', 29);
INSERT INTO gallery_items (id, gallery_id, artwork_id, position) VALUES ('gi-176', 'gal-series-nezarazene', 'w-w075', 30);